GROUP,PACKAGE,CLASS,INSTRUCTION_MISSED,INSTRUCTION_COVERED,BRANCH_MISSED,BRANCH_COVERED,LINE_MISSED,LINE_COVERED,COMPLEXITY_MISSED,COMPLEXITY_COVERED,METHOD_MISSED,METHOD_COVERED
JFreeChart,org.jfree.chart.plot,PlotRenderingInfo,46,147,9,11,13,42,8,16,1,13
JFreeChart,org.jfree.chart.plot,CombinedDomainXYPlot,353,522,59,47,97,149,53,29,13,16
JFreeChart,org.jfree.chart.plot,PolarPlot,1234,1103,180,104,321,302,163,77,57,41
JFreeChart,org.jfree.chart.plot,DatasetRenderingOrder,12,49,4,6,5,15,5,6,1,5
JFreeChart,org.jfree.chart.plot,DialShape,24,48,8,4,9,14,7,5,1,5
JFreeChart,org.jfree.chart.plot,Plot,373,772,86,90,111,246,83,71,19,47
JFreeChart,org.jfree.chart.plot,PiePlotState,0,80,0,0,0,34,0,21,0,21
JFreeChart,org.jfree.chart.plot,ThermometerPlot,1197,802,118,80,254,200,127,51,50,28
JFreeChart,org.jfree.chart.plot,RingPlot,422,262,45,25,111,90,37,28,14,16
JFreeChart,org.jfree.chart.plot,ContourPlotUtilities,13,0,0,0,4,0,2,0,2,0
JFreeChart,org.jfree.chart.plot,PiePlot,1052,2867,129,227,247,779,141,183,41,105
JFreeChart,org.jfree.chart.plot,PieLabelDistributor,107,227,13,21,22,50,10,16,2,7
JFreeChart,org.jfree.chart.plot,PlotUtilities,26,0,6,0,7,0,5,0,2,0
JFreeChart,org.jfree.chart.plot,PieLabelRecord,38,157,7,19,10,45,10,19,4,12
JFreeChart,org.jfree.chart.plot,PlotState,0,11,0,0,0,4,0,2,0,2
JFreeChart,org.jfree.chart.plot,FastScatterPlot,213,805,37,65,70,218,49,52,20,30
JFreeChart,org.jfree.chart.plot,CompassPlot,824,376,69,36,161,107,66,26,17,18
JFreeChart,org.jfree.chart.plot,DefaultDrawingSupplier,12,765,6,50,4,147,5,41,0,18
JFreeChart,org.jfree.chart.plot,CategoryMarker,6,93,3,7,3,27,3,10,0,8
JFreeChart,org.jfree.chart.plot,Crosshair,56,590,1,33,20,159,18,39,17,23
JFreeChart,org.jfree.chart.plot,RainbowPalette,0,3141,0,0,0,14,0,2,0,2
JFreeChart,org.jfree.chart.plot,JThermometer,276,0,18,0,80,0,35,0,26,0
JFreeChart,org.jfree.chart.plot,MeterPlot,179,1347,49,93,43,346,62,65,18,38
JFreeChart,org.jfree.chart.plot,IntervalMarker,20,116,2,10,5,32,4,13,2,9
JFreeChart,org.jfree.chart.plot,AbstractPieLabelDistributor,0,31,0,0,0,10,0,5,0,5
JFreeChart,org.jfree.chart.plot,GreyPalette,0,73,0,2,0,18,0,3,0,2
JFreeChart,org.jfree.chart.plot,CombinedRangeXYPlot,352,508,59,43,95,142,50,29,12,16
JFreeChart,org.jfree.chart.plot,CombinedRangeCategoryPlot,200,513,41,45,53,145,38,25,6,14
JFreeChart,org.jfree.chart.plot,ColorPalette,456,121,41,15,91,35,45,9,19,7
JFreeChart,org.jfree.chart.plot,MultiplePiePlot,365,416,50,34,85,123,37,30,6,19
JFreeChart,org.jfree.chart.plot,MeterInterval,12,123,6,8,6,36,6,11,0,10
JFreeChart,org.jfree.chart.plot,XYCrosshairState,3,0,0,0,2,0,1,0,1,0
JFreeChart,org.jfree.chart.plot,PlotOrientation,6,66,2,8,2,21,3,10,1,7
JFreeChart,org.jfree.chart.plot,WaferMapPlot,581,0,44,0,131,0,36,0,14,0
JFreeChart,org.jfree.chart.plot,PolarAxisLocation,6,117,3,19,3,34,3,13,0,5
JFreeChart,org.jfree.chart.plot,CombinedDomainCategoryPlot,301,550,49,47,77,149,46,27,10,15
JFreeChart,org.jfree.chart.plot,XYPlot,1790,4779,328,538,463,1288,289,375,50,181
JFreeChart,org.jfree.chart.plot,ValueMarker,11,57,1,7,3,19,2,8,1,5
JFreeChart,org.jfree.chart.plot,ContourPlot,1883,67,202,4,495,23,181,2,78,2
JFreeChart,org.jfree.chart.plot,SpiderWebPlot,236,1447,43,101,66,389,55,86,19,50
JFreeChart,org.jfree.chart.plot,CategoryPlot,1238,4177,232,464,319,1157,217,352,44,177
JFreeChart,org.jfree.chart.plot,Marker,24,495,7,35,8,136,9,49,2,35
JFreeChart,org.jfree.chart.plot,PiePlot3D,905,1124,89,59,248,262,56,30,2,10
JFreeChart,org.jfree.chart.plot,CrosshairState,160,53,11,1,41,24,17,13,11,13
JFreeChart,org.jfree.chart.plot,CategoryCrosshairState,88,29,11,1,25,13,7,6,1,6
JFreeChart,org.jfree.chart.plot,CenterTextMode,0,34,0,0,0,4,0,1,0,1
JFreeChart,org.jfree.chart.plot,PieLabelLinkStyle,9,67,3,9,3,21,4,8,1,5
JFreeChart,org.jfree.chart.plot,SeriesRenderingOrder,12,49,4,6,5,15,5,6,1,5
JFreeChart,org.jfree.chart.imagemap,StandardToolTipTagFragmentGenerator,0,15,0,0,0,3,0,2,0,2
JFreeChart,org.jfree.chart.imagemap,DynamicDriveToolTipTagFragmentGenerator,47,0,0,0,11,0,3,0,3,0
JFreeChart,org.jfree.chart.imagemap,StandardURLTagFragmentGenerator,0,14,0,0,0,3,0,2,0,2
JFreeChart,org.jfree.chart.imagemap,OverLIBToolTipTagFragmentGenerator,0,15,0,0,0,4,0,2,0,2
JFreeChart,org.jfree.chart.imagemap,ImageMapUtilities,125,128,12,22,28,32,12,13,6,2
JFreeChart,org.jfree.chart.editor,DefaultAxisEditor,591,0,22,0,129,0,29,0,18,0
JFreeChart,org.jfree.chart.editor,DefaultChartEditor,422,0,6,0,87,0,12,0,9,0
JFreeChart,org.jfree.chart.editor,DefaultPlotEditor,986,0,110,0,252,0,73,0,18,0
JFreeChart,org.jfree.chart.editor,DefaultLogAxisEditor,156,0,12,0,42,0,13,0,7,0
JFreeChart,org.jfree.chart.editor,DefaultTitleEditor,391,0,22,0,96,0,22,0,11,0
JFreeChart,org.jfree.chart.editor,DefaultValueAxisEditor,546,0,32,0,128,0,36,0,20,0
JFreeChart,org.jfree.chart.editor,DefaultPolarPlotEditor,241,0,12,0,60,0,15,0,9,0
JFreeChart,org.jfree.chart.editor,DefaultNumberAxisEditor,199,0,12,0,52,0,13,0,7,0
JFreeChart,org.jfree.chart.editor,DefaultColorBarEditor,290,0,10,0,65,0,11,0,6,0
JFreeChart,org.jfree.chart.editor,DefaultChartEditorFactory,8,0,0,0,3,0,2,0,2,0
JFreeChart,org.jfree.chart.editor,PaletteChooserPanel,40,0,0,0,9,0,2,0,2,0
JFreeChart,org.jfree.chart.editor,PaletteSample,126,0,4,0,32,0,8,0,6,0
JFreeChart,org.jfree.chart.editor,ChartEditorManager,17,0,0,0,6,0,4,0,4,0
JFreeChart,org.jfree.chart.urls,CustomPieURLGenerator,13,158,7,17,5,39,8,12,1,7
JFreeChart,org.jfree.chart.urls,StandardXYURLGenerator,58,64,8,6,9,20,7,5,1,4
JFreeChart,org.jfree.chart.urls,StandardCategoryURLGenerator,50,166,9,11,10,39,8,9,2,5
JFreeChart,org.jfree.chart.urls,TimeSeriesURLGenerator,32,193,5,15,9,44,9,9,4,4
JFreeChart,org.jfree.chart.urls,StandardXYZURLGenerator,9,0,0,0,2,0,2,0,2,0
JFreeChart,org.jfree.chart.urls,CustomXYURLGenerator,17,139,10,18,7,39,10,12,1,7
JFreeChart,org.jfree.chart.urls,CustomCategoryURLGenerator,17,139,10,18,7,40,10,12,1,7
JFreeChart,org.jfree.chart.urls,URLUtilities,54,0,0,0,15,0,3,0,3,0
JFreeChart,org.jfree.chart.urls,StandardPieURLGenerator,28,127,3,11,5,35,3,10,0,6
JFreeChart,org.jfree.chart.title,LegendGraphic,118,497,30,44,31,148,29,47,9,30
JFreeChart,org.jfree.chart.title,Title,29,270,9,19,10,78,12,24,4,18
JFreeChart,org.jfree.chart.title,ImageTitle,312,93,30,6,62,22,23,6,6,5
JFreeChart,org.jfree.chart.title,DateTitle,10,43,0,0,2,8,1,4,1,4
JFreeChart,org.jfree.chart.title,ShortTextTitle,289,12,43,1,62,4,28,2,6,2
JFreeChart,org.jfree.chart.title,PaintScaleLegend,750,314,68,24,138,91,49,27,13,17
JFreeChart,org.jfree.chart.title,CompositeTitle,73,80,4,6,19,26,7,10,4,8
JFreeChart,org.jfree.chart.title,LegendItemBlockContainer,22,82,1,3,8,26,6,7,5,6
JFreeChart,org.jfree.chart.title,TextTitle,507,592,94,56,113,160,72,40,12,25
JFreeChart,org.jfree.chart.title,LegendTitle,116,596,20,42,34,163,29,37,12,23
JFreeChart,org.jfree.data.xml,ItemHandler,112,0,8,0,32,0,11,0,7,0
JFreeChart,org.jfree.data.xml,PieDatasetHandler,72,0,8,0,20,0,9,0,5,0
JFreeChart,org.jfree.data.xml,ValueHandler,100,0,8,0,27,0,10,0,6,0
JFreeChart,org.jfree.data.xml,KeyHandler,96,0,6,0,21,0,9,0,6,0
JFreeChart,org.jfree.data.xml,DatasetReader,83,0,0,0,29,0,5,0,5,0
JFreeChart,org.jfree.data.xml,RootHandler,54,0,8,0,18,0,10,0,6,0
JFreeChart,org.jfree.data.xml,CategoryDatasetHandler,85,0,8,0,22,0,9,0,5,0
JFreeChart,org.jfree.data.xml,CategorySeriesHandler,114,0,8,0,30,0,9,0,5,0
JFreeChart,org.jfree.chart.demo,BarChartDemo1,115,0,0,0,32,0,5,0,5,0
JFreeChart,org.jfree.chart.demo,PieChartDemo1,297,0,0,0,55,0,7,0,7,0
JFreeChart,org.jfree.chart.demo,TimeSeriesChartDemo1,433,0,2,0,77,0,7,0,6,0
JFreeChart,org.jfree.chart,ChartColor,6,338,0,0,2,25,1,2,1,2
JFreeChart,org.jfree.chart,ChartHints.Key,33,0,13,0,6,0,9,0,2,0
JFreeChart,org.jfree.chart,PaintMap,5,164,0,14,1,50,1,15,1,8
JFreeChart,org.jfree.chart,JFreeChart,482,1133,66,104,127,303,75,81,24,47
JFreeChart,org.jfree.chart,JFreeChartInfo,0,840,1,3,0,21,1,3,0,2
JFreeChart,org.jfree.chart,StandardChartTheme,769,1278,93,123,222,383,113,89,47,47
JFreeChart,org.jfree.chart,ChartTransferable,207,0,12,0,52,0,13,0,7,0
JFreeChart,org.jfree.chart,DrawableLegendItem,75,0,0,0,28,0,17,0,17,0
JFreeChart,org.jfree.chart,PolarChartPanel,243,0,24,0,72,0,19,0,7,0
JFreeChart,org.jfree.chart,ChartFrame,36,0,2,0,10,0,4,0,3,0
JFreeChart,org.jfree.chart,StrokeMap,9,160,0,14,3,48,2,14,2,7
JFreeChart,org.jfree.chart,JFreeChart.new RenderingHints.Key() {...},3,4,0,0,1,1,1,1,1,1
JFreeChart,org.jfree.chart,HashUtilities,136,185,23,19,33,42,18,17,1,13
JFreeChart,org.jfree.chart,LegendItem,96,689,8,44,29,198,18,66,10,48
JFreeChart,org.jfree.chart,LegendItemCollection,6,64,1,5,2,19,2,9,1,7
JFreeChart,org.jfree.chart,ChartMouseEvent,22,0,0,0,8,0,4,0,4,0
JFreeChart,org.jfree.chart,ChartRenderingInfo,2,141,4,12,1,43,4,16,0,12
JFreeChart,org.jfree.chart,ChartUtilities,398,0,8,0,102,0,32,0,28,0
JFreeChart,org.jfree.chart,ChartPanel,2945,1222,358,52,734,325,288,38,91,30
JFreeChart,org.jfree.chart,ChartHints,11,0,0,0,2,0,1,0,1,0
JFreeChart,org.jfree.chart,LegendRenderingOrder,57,0,10,0,19,0,10,0,5,0
JFreeChart,org.jfree.chart,StandardChartTheme.new StandardChartTheme() {...},5,0,0,0,2,0,2,0,2,0
JFreeChart,org.jfree.chart,MouseWheelHandler,105,13,14,0,33,5,11,1,4,1
JFreeChart,org.jfree.chart,ClipPath,365,0,16,0,94,0,33,0,25,0
JFreeChart,org.jfree.chart,ChartFactory,1456,1404,158,60,296,335,126,45,29,33
JFreeChart,org.jfree.chart.needle,PinNeedle,128,18,9,3,25,6,8,3,2,3
JFreeChart,org.jfree.chart.needle,MiddlePinNeedle,133,20,10,4,25,6,9,3,2,3
JFreeChart,org.jfree.chart.needle,ShipNeedle,84,20,8,4,16,6,8,3,2,3
JFreeChart,org.jfree.chart.needle,PointerNeedle,139,18,13,3,36,6,10,3,2,3
JFreeChart,org.jfree.chart.needle,ArrowNeedle,140,36,12,6,29,13,9,5,2,3
JFreeChart,org.jfree.chart.needle,MeterNeedle,144,187,10,20,40,63,21,20,13,13
JFreeChart,org.jfree.chart.needle,PlumNeedle,84,18,7,3,19,6,7,3,2,3
JFreeChart,org.jfree.chart.needle,WindNeedle,69,18,8,4,17,6,8,2,2,2
JFreeChart,org.jfree.chart.needle,LineNeedle,53,16,6,2,12,5,6,3,2,3
JFreeChart,org.jfree.chart.needle,LongNeedle,189,19,14,2,50,7,10,3,2,3
JFreeChart,org.jfree.chart.encoders,KeypointPNGEncoderAdapter,62,0,0,0,17,0,7,0,7,0
JFreeChart,org.jfree.chart.encoders,SunPNGEncoderAdapter,32,0,0,0,12,0,7,0,7,0
JFreeChart,org.jfree.chart.encoders,EncoderUtil,71,0,0,0,21,0,9,0,9,0
JFreeChart,org.jfree.chart.encoders,SunJPEGEncoderAdapter,86,0,4,0,27,0,9,0,7,0
JFreeChart,org.jfree.chart.encoders,ImageEncoderFactory,93,0,2,0,30,0,9,0,8,0
JFreeChart,org.jfree.data.io,CSV,212,0,20,0,57,0,16,0,6,0
JFreeChart,org.jfree.chart.labels,IntervalXYItemLabelGenerator,255,24,29,3,54,9,21,4,6,3
JFreeChart,org.jfree.chart.labels,StandardPieToolTipGenerator,10,26,0,0,3,10,2,5,2,5
JFreeChart,org.jfree.chart.labels,StandardXYToolTipGenerator,14,46,1,3,4,16,3,8,2,7
JFreeChart,org.jfree.chart.labels,IntervalCategoryToolTipGenerator,98,27,11,3,20,10,7,5,1,4
JFreeChart,org.jfree.chart.labels,StandardCrosshairLabelGenerator,38,49,4,8,10,17,7,6,3,4
JFreeChart,org.jfree.chart.labels,IntervalCategoryItemLabelGenerator,96,15,10,0,19,6,6,3,1,3
JFreeChart,org.jfree.chart.labels,AbstractXYItemLabelGenerator,72,233,10,22,16,65,13,19,4,12
JFreeChart,org.jfree.chart.labels,BoxAndWhiskerXYToolTipGenerator,106,22,6,2,18,8,5,3,1,3
JFreeChart,org.jfree.chart.labels,BubbleXYItemLabelGenerator,101,101,9,9,22,31,9,10,3,7
JFreeChart,org.jfree.chart.labels,AbstractPieItemLabelGenerator,5,183,4,18,2,53,5,15,1,8
JFreeChart,org.jfree.chart.labels,StandardCategorySeriesLabelGenerator,2,71,1,5,1,24,1,9,0,7
JFreeChart,org.jfree.chart.labels,StandardPieSectionLabelGenerator,28,75,1,5,8,24,5,9,4,7
JFreeChart,org.jfree.chart.labels,BoxAndWhiskerToolTipGenerator,89,20,4,2,16,7,4,3,1,3
JFreeChart,org.jfree.chart.labels,AbstractCategoryItemLabelGenerator,35,220,7,15,9,62,10,14,4,9
JFreeChart,org.jfree.chart.labels,MultipleXYSeriesLabelGenerator,115,122,10,10,30,36,10,9,3,6
JFreeChart,org.jfree.chart.labels,CustomXYToolTipGenerator,18,126,14,14,4,34,13,9,1,7
JFreeChart,org.jfree.chart.labels,SymbolicXYItemLabelGenerator,96,18,10,2,23,7,9,4,3,4
JFreeChart,org.jfree.chart.labels,StandardCategoryItemLabelGenerator,6,35,0,4,2,12,1,7,1,5
JFreeChart,org.jfree.chart.labels,StandardXYZToolTipGenerator,113,64,8,8,25,23,10,7,5,4
JFreeChart,org.jfree.chart.labels,ItemLabelPosition,20,77,4,8,8,23,8,6,4,4
JFreeChart,org.jfree.chart.labels,ItemLabelAnchor,62,274,22,34,21,68,22,11,0,5
JFreeChart,org.jfree.chart.labels,StandardContourToolTipGenerator,100,27,7,3,19,7,6,2,1,2
JFreeChart,org.jfree.chart.labels,StandardCategoryToolTipGenerator,8,27,1,3,2,10,2,5,1,4
JFreeChart,org.jfree.chart.labels,HighLowItemLabelGenerator,136,83,18,10,31,27,14,7,2,5
JFreeChart,org.jfree.chart.labels,StandardXYSeriesLabelGenerator,2,71,1,5,1,24,1,9,0,7
JFreeChart,org.jfree.chart.labels,StandardXYItemLabelGenerator,20,39,1,3,6,15,4,7,3,6
JFreeChart,org.jfree.chart.axis,DateTickUnit,100,313,11,43,21,88,20,38,9,19
JFreeChart,org.jfree.chart.axis,TickUnit,12,86,5,11,5,25,6,10,1,7
JFreeChart,org.jfree.chart.axis,AxisLocation,45,85,11,11,16,25,9,10,2,6
JFreeChart,org.jfree.chart.axis,ModuloAxis,462,96,38,8,85,23,35,5,13,4
JFreeChart,org.jfree.chart.axis,DateAxis.DefaultTimeline,15,16,3,3,7,7,7,4,4,4
JFreeChart,org.jfree.chart.axis,MonthDateFormat,67,175,5,13,16,32,9,10,5,5
JFreeChart,org.jfree.chart.axis,NumberAxis,251,1138,43,101,60,275,45,66,6,33
JFreeChart,org.jfree.chart.axis,CategoryAxis3D,238,7,34,0,51,3,20,2,3,2
JFreeChart,org.jfree.chart.axis,ValueTick,6,58,3,5,3,16,3,6,0,5
JFreeChart,org.jfree.chart.axis,AxisCollection,8,69,3,5,2,19,2,8,0,6
JFreeChart,org.jfree.chart.axis,DateAxis,782,2076,87,127,161,468,77,88,13,41
JFreeChart,org.jfree.chart.axis,TickUnits,46,85,5,5,11,22,7,7,3,6
JFreeChart,org.jfree.chart.axis,NumberTickUnitSource,42,319,17,45,14,84,17,26,0,12
JFreeChart,org.jfree.chart.axis,LogAxis,902,723,81,45,204,177,75,29,19,22
JFreeChart,org.jfree.chart.axis,SegmentedTimeline.Segment,131,238,23,23,28,50,20,32,8,21
JFreeChart,org.jfree.chart.axis,CompassFormat,236,0,4,0,18,0,9,0,7,0
JFreeChart,org.jfree.chart.axis,SymbolAxis,753,137,93,11,193,44,61,13,13,9
JFreeChart,org.jfree.chart.axis,CategoryTick,5,91,2,10,2,23,3,9,1,5
JFreeChart,org.jfree.chart.axis,Axis,531,1259,61,103,124,369,54,102,6,68
JFreeChart,org.jfree.chart.axis,PeriodAxisLabelInfo,35,259,1,19,11,66,10,18,9,9
JFreeChart,org.jfree.chart.axis,ExtendedCategoryAxis,74,117,14,8,16,34,11,11,3,8
JFreeChart,org.jfree.chart.axis,SubCategoryAxis,288,261,34,20,66,71,26,15,2,12
JFreeChart,org.jfree.chart.axis,CategoryAnchor,12,56,5,7,5,17,4,7,0,5
JFreeChart,org.jfree.chart.axis,DateTickMarkPosition,8,60,3,9,3,19,2,9,0,5
JFreeChart,org.jfree.chart.axis,TickType,11,49,4,6,4,16,4,6,1,4
JFreeChart,org.jfree.chart.axis,MarkerAxisBand,199,103,9,13,46,28,10,8,4,3
JFreeChart,org.jfree.chart.axis,NumberTick,3,27,0,0,1,6,1,2,1,2
JFreeChart,org.jfree.chart.axis,CategoryLabelPosition,4,164,2,14,2,45,2,18,0,12
JFreeChart,org.jfree.chart.axis,CategoryLabelWidthType,4,56,2,8,2,18,2,8,0,5
JFreeChart,org.jfree.chart.axis,ValueAxis,570,1251,93,119,148,347,89,87,19,51
JFreeChart,org.jfree.chart.axis,CyclicNumberAxis,1456,156,191,15,328,54,118,20,21,14
JFreeChart,org.jfree.chart.axis,SegmentedTimeline.BaseTimelineSegmentRange,0,9,0,0,0,3,0,1,0,1
JFreeChart,org.jfree.chart.axis,StandardTickUnitSource,49,13,1,1,10,5,5,3,4,3
JFreeChart,org.jfree.chart.axis,NumberTickUnit,17,75,2,8,2,24,3,9,1,6
JFreeChart,org.jfree.chart.axis,SegmentedTimeline.SegmentRange,29,87,5,5,8,21,5,6,2,4
JFreeChart,org.jfree.chart.axis,DateTick,7,51,2,4,3,13,3,5,1,4
JFreeChart,org.jfree.chart.axis,AxisSpace,195,269,26,22,39,67,21,22,5,14
JFreeChart,org.jfree.chart.axis,SegmentedTimeline,147,964,24,86,32,215,30,71,10,36
JFreeChart,org.jfree.chart.axis,LogTick,15,0,0,0,4,0,2,0,2,0
JFreeChart,org.jfree.chart.axis,CyclicNumberAxis.CycleBoundTick,11,0,0,0,3,0,1,0,1,0
JFreeChart,org.jfree.chart.axis,NumberAxis3D,131,4,16,0,31,2,10,1,2,1
JFreeChart,org.jfree.chart.axis,CategoryAxis,395,1507,70,116,84,379,67,81,11,44
JFreeChart,org.jfree.chart.axis,DateTickUnitType,4,121,2,18,2,34,2,14,0,6
JFreeChart,org.jfree.chart.axis,AxisState,39,53,8,0,13,19,7,10,3,10
JFreeChart,org.jfree.chart.axis,LogarithmicAxis,1188,265,229,25,249,65,136,20,14,15
JFreeChart,org.jfree.chart.axis,Tick,7,82,2,10,3,26,3,11,1,7
JFreeChart,org.jfree.chart.axis,PeriodAxis,1268,481,114,24,264,126,84,32,26,21
JFreeChart,org.jfree.chart.axis,QuarterDateFormat,69,116,4,6,19,21,7,6,4,4
JFreeChart,org.jfree.chart.axis,CategoryLabelPositions,117,326,6,14,35,44,10,12,5,7
JFreeChart,org.jfree.chart.axis,AxisLabelLocation,24,56,5,7,8,17,5,7,1,5
JFreeChart,org.jfree.chart.axis,ColorBar,442,140,45,11,102,38,37,9,11,7
JFreeChart,org.jfree.data.general,AbstractDataset,18,107,4,4,8,31,6,12,3,11
JFreeChart,org.jfree.data.general,DatasetGroup,21,23,3,3,9,8,6,2,3,2
JFreeChart,org.jfree.data.general,Series,38,224,7,13,13,62,11,21,5,17
JFreeChart,org.jfree.data.general,DefaultPieDataset,83,138,9,13,27,40,15,15,7,12
JFreeChart,org.jfree.data.general,DefaultHeatMapDataset,78,188,12,30,13,51,15,21,3,12
JFreeChart,org.jfree.data.general,HeatMapUtilities,125,0,8,0,26,0,8,0,4,0
JFreeChart,org.jfree.data.general,SubSeriesDataset,268,0,18,0,56,0,32,0,23,0
JFreeChart,org.jfree.data.general,DatasetUtilities,824,2772,155,397,200,684,127,208,15,44
JFreeChart,org.jfree.data.general,CombinedDataset.DatasetInfo,12,0,0,0,4,0,1,0,1,0
JFreeChart,org.jfree.data.general,DefaultValueDataset,39,20,6,0,10,8,6,4,3,4
JFreeChart,org.jfree.data.general,WaferMapDataset,211,0,20,0,55,0,29,0,19,0
JFreeChart,org.jfree.data.general,AbstractSeriesDataset,0,26,0,4,0,9,0,5,0,3
JFreeChart,org.jfree.data.general,SeriesChangeEvent,0,4,0,0,0,2,0,1,0,1
JFreeChart,org.jfree.data.general,SeriesException,0,4,0,0,0,2,0,1,0,1
JFreeChart,org.jfree.data.general,DefaultKeyedValuesDataset,0,3,0,0,0,1,0,1,0,1
JFreeChart,org.jfree.data.general,DatasetChangeEvent,3,7,0,0,1,3,1,1,1,1
JFreeChart,org.jfree.data.general,DefaultKeyedValueDataset,32,99,12,10,9,31,11,10,2,8
JFreeChart,org.jfree.data.general,DefaultKeyedValues2DDataset,0,3,0,0,0,1,0,1,0,1
JFreeChart,org.jfree.data.general,CombinedDataset,498,0,48,0,127,0,54,0,30,0
JFreeChart,org.jfree.data.time.ohlc,OHLCSeries,21,49,1,3,5,11,2,6,1,5
JFreeChart,org.jfree.data.time.ohlc,OHLC,4,94,2,10,2,28,2,11,0,7
JFreeChart,org.jfree.data.time.ohlc,OHLCSeriesCollection,178,179,10,16,38,51,24,17,17,11
JFreeChart,org.jfree.data.time.ohlc,OHLCItem,11,51,4,4,5,15,5,6,1,6
JFreeChart,org.jfree.chart.resources,JFreeChartResources,0,61,0,0,0,3,0,3,0,3
JFreeChart,org.jfree.data.jdbc,JDBCPieDataset,132,0,13,0,52,0,13,0,6,0
JFreeChart,org.jfree.data.jdbc,JDBCCategoryDataset,197,0,24,0,66,0,20,0,7,0
JFreeChart,org.jfree.data.jdbc,JDBCXYDataset,462,0,52,0,128,0,47,0,20,0
JFreeChart,org.jfree.data.contour,DefaultContourDataset,590,0,66,0,118,0,59,0,26,0
JFreeChart,org.jfree.data.contour,NonGridContourDataset,324,0,26,0,67,0,18,0,5,0
JFreeChart,org.jfree.data.category,DefaultCategoryDataset,66,177,5,15,25,47,11,24,7,18
JFreeChart,org.jfree.data.category,DefaultIntervalCategoryDataset,182,589,48,74,42,147,48,48,5,30
JFreeChart,org.jfree.data.category,SlidingCategoryDataset,48,206,7,23,11,52,13,21,6,13
JFreeChart,org.jfree.data.category,CategoryToPieDataset,62,224,23,35,18,61,19,22,1,11
JFreeChart,org.jfree.chart.panel,AbstractOverlay,33,29,3,1,8,9,4,3,2,3
JFreeChart,org.jfree.chart.panel,CrosshairOverlay,871,84,141,5,219,25,87,6,15,5
JFreeChart,org.jfree.chart.renderer,LookupPaintScale.PaintItem,6,71,3,9,3,25,3,8,0,5
JFreeChart,org.jfree.chart.renderer,LookupPaintScale,17,239,4,30,5,64,5,24,1,11
JFreeChart,org.jfree.chart.renderer,AreaRendererEndType,11,61,5,7,4,19,4,7,0,5
JFreeChart,org.jfree.chart.renderer,DefaultPolarItemRenderer,720,345,89,29,201,94,82,16,24,15
JFreeChart,org.jfree.chart.renderer,RendererState,0,25,0,4,0,10,0,5,0,3
JFreeChart,org.jfree.chart.renderer,Outlier,100,66,16,6,15,20,12,10,3,8
JFreeChart,org.jfree.chart.renderer,WaferMapRenderer,474,0,56,0,120,0,44,0,15,0
JFreeChart,org.jfree.chart.renderer,NotOutlierException,4,0,0,0,2,0,1,0,1,0
JFreeChart,org.jfree.chart.renderer,AbstractRenderer,689,2347,149,243,121,743,152,237,33,160
JFreeChart,org.jfree.chart.renderer,OutlierListCollection,68,24,8,0,21,8,8,4,4,4
JFreeChart,org.jfree.chart.renderer,OutlierList,93,0,4,0,28,0,11,0,9,0
JFreeChart,org.jfree.chart.renderer,GrayPaintScale,31,115,3,13,7,31,4,14,1,9
JFreeChart,org.jfree.chart.renderer,RendererUtilities,17,368,6,56,5,97,7,28,1,3
JFreeChart,org.jfree.chart.util,CloneUtils,46,38,4,4,14,10,4,3,2,1
JFreeChart,org.jfree.chart.util,XYCoordinateType,14,54,6,6,6,16,5,6,0,5
JFreeChart,org.jfree.chart.util,HMSNumberFormat,9,60,0,0,2,12,2,2,2,2
JFreeChart,org.jfree.chart.util,PaintAlpha,472,0,38,0,92,0,29,0,10,0
JFreeChart,org.jfree.chart.util,DefaultShadowGenerator,383,62,22,8,78,18,25,3,11,2
JFreeChart,org.jfree.chart.util,TextUtils,363,0,30,0,79,0,22,0,7,0
JFreeChart,org.jfree.chart.util,DirectionalGradientPaintTransformer,166,0,20,0,28,0,12,0,2,0
JFreeChart,org.jfree.chart.util,ResourceBundleWrapper,59,5,7,1,13,2,7,1,3,1
JFreeChart,org.jfree.chart.util,LogFormat,94,96,7,11,23,28,12,8,7,4
JFreeChart,org.jfree.chart.util,HexNumberFormat,68,0,4,0,19,0,9,0,7,0
JFreeChart,org.jfree.chart.util,RelativeDateFormat,315,168,36,4,90,44,42,6,22,6
JFreeChart,org.jfree.chart.util,ExportUtils,381,0,8,0,86,0,11,0,7,0
JFreeChart,org.jfree.chart.util,LineUtilities,113,195,18,22,20,39,16,7,2,1
JFreeChart,org.jfree.chart.util,ParamChecks,3,38,0,4,1,6,1,4,1,2
JFreeChart,org.jfree.chart.util,AttrStringUtils,490,11,92,0,108,3,60,1,14,1
JFreeChart,org.jfree.chart.entity,StandardEntityCollection,46,82,6,4,11,22,8,8,4,7
JFreeChart,org.jfree.chart.entity,TitleEntity,98,25,12,0,30,8,13,3,7,3
JFreeChart,org.jfree.chart.entity,ChartEntity,278,93,32,8,63,34,27,13,10,10
JFreeChart,org.jfree.chart.entity,XYAnnotationEntity,44,0,8,0,16,0,8,0,4,0
JFreeChart,org.jfree.chart.entity,CategoryItemEntity,78,127,5,11,22,37,15,9,10,6
JFreeChart,org.jfree.chart.entity,PlotEntity,111,12,12,0,34,4,15,1,9,1
JFreeChart,org.jfree.chart.entity,PieSectionEntity,54,77,2,10,12,26,8,10,6,6
JFreeChart,org.jfree.chart.entity,LegendItemEntity,28,55,2,8,6,19,6,9,4,6
JFreeChart,org.jfree.chart.entity,CategoryLabelEntity,48,30,2,4,12,9,5,3,3,2
JFreeChart,org.jfree.chart.entity,ContourEntity,13,40,2,6,4,13,4,6,2,4
JFreeChart,org.jfree.chart.entity,XYItemEntity,35,54,2,8,8,18,7,7,5,4
JFreeChart,org.jfree.chart.entity,TickLabelEntity,0,6,0,0,0,2,0,1,0,1
JFreeChart,org.jfree.chart.entity,JFreeChartEntity,98,25,12,0,30,8,13,3,7,3
JFreeChart,org.jfree.chart.entity,AxisEntity,98,25,12,0,30,8,13,3,7,3
JFreeChart,org.jfree.data.gantt,XYTaskDataset,234,84,15,9,51,29,32,10,23,7
JFreeChart,org.jfree.data.gantt,SlidingGanttCategoryDataset,459,88,32,12,76,30,46,9,27,6
JFreeChart,org.jfree.data.gantt,TaskSeries,22,96,2,10,7,30,5,11,3,7
JFreeChart,org.jfree.data.gantt,Task,2,136,1,11,1,43,1,20,0,15
JFreeChart,org.jfree.data.gantt,TaskSeriesCollection,53,599,11,49,18,161,13,54,4,33
JFreeChart,org.jfree.data.time,DynamicTimeSeriesCollection,915,0,92,0,203,0,89,0,42,0
JFreeChart,org.jfree.data.time,Year,32,202,5,13,7,56,5,23,1,18
JFreeChart,org.jfree.data.time,Week,304,303,44,18,80,79,35,21,9,16
JFreeChart,org.jfree.data.time,Minute,144,304,22,10,36,73,17,21,3,19
JFreeChart,org.jfree.data.time,Second,190,279,32,10,47,61,23,18,4,16
JFreeChart,org.jfree.data.time,Day,33,280,5,9,12,81,6,25,2,22
JFreeChart,org.jfree.data.time,TimePeriodValue,58,72,11,9,9,22,10,9,2,7
JFreeChart,org.jfree.data.time,DynamicTimeSeriesCollection.ValueSequence,39,0,2,0,10,0,5,0,4,0
JFreeChart,org.jfree.data.time,MovingAverage,310,115,39,15,70,29,28,6,6,1
JFreeChart,org.jfree.data.time,TimeTableXYDataset,233,167,24,12,57,48,33,17,18,14
JFreeChart,org.jfree.data.time,TimePeriodValuesCollection,215,234,20,24,54,68,26,20,13,11
JFreeChart,org.jfree.data.time,Millisecond,115,292,23,11,33,64,18,18,3,16
JFreeChart,org.jfree.data.time,RegularTimePeriod,60,141,10,10,16,32,9,14,2,11
JFreeChart,org.jfree.data.time,TimePeriodValues,95,488,8,44,16,142,7,46,1,26
JFreeChart,org.jfree.data.time,TimePeriodFormatException,0,4,0,0,0,2,0,1,0,1
JFreeChart,org.jfree.data.time,TimeSeries,280,1317,44,148,70,346,47,109,8,52
JFreeChart,org.jfree.data.time,SimpleTimePeriod,17,150,4,18,6,40,6,14,2,7
JFreeChart,org.jfree.data.time,TimePeriodAnchor,13,59,4,8,5,18,4,8,1,5
JFreeChart,org.jfree.data.time,Hour,84,322,14,14,19,80,14,24,3,21
JFreeChart,org.jfree.data.time,FixedMillisecond,78,67,11,5,24,20,18,7,10,7
JFreeChart,org.jfree.data.time,Month,79,392,17,35,18,104,17,33,1,23
JFreeChart,org.jfree.data.time,TimeSeriesCollection,175,601,24,52,40,161,29,49,11,29
JFreeChart,org.jfree.data.time,TimeSeriesTableModel,143,0,32,0,51,0,27,0,11,0
JFreeChart,org.jfree.data.time,TimeSeriesDataItem,10,103,4,10,5,31,4,12,0,9
JFreeChart,org.jfree.data.time,DateRange,30,59,0,0,5,14,2,7,2,7
JFreeChart,org.jfree.data.time,Quarter,86,385,16,18,18,78,15,25,2,21
JFreeChart,org.jfree.chart.renderer.category,MinMaxCategoryRenderer,241,328,22,14,56,70,24,13,9,10
JFreeChart,org.jfree.chart.renderer.category,LevelRenderer,159,343,23,21,28,89,23,14,3,12
JFreeChart,org.jfree.chart.renderer.category,CategoryStepRenderer.State,9,0,0,0,3,0,1,0,1,0
JFreeChart,org.jfree.chart.renderer.category,LayeredBarRenderer,419,289,80,20,95,70,52,5,2,5
JFreeChart,org.jfree.chart.renderer.category,StandardBarPainter,198,17,31,3,54,8,19,4,3,3
JFreeChart,org.jfree.chart.renderer.category,StatisticalBarRenderer,232,567,63,41,54,127,47,17,2,10
JFreeChart,org.jfree.chart.renderer.category,DefaultCategoryItemRenderer,0,3,0,0,0,1,0,1,0,1
JFreeChart,org.jfree.chart.renderer.category,StackedAreaRenderer,802,46,65,7,172,18,41,7,7,5
JFreeChart,org.jfree.chart.renderer.category,BarRenderer,596,914,138,76,130,249,92,65,8,42
JFreeChart,org.jfree.chart.renderer.category,LineAndShapeRenderer,187,735,46,70,41,216,47,55,6,38
JFreeChart,org.jfree.chart.renderer.category,ScatterRenderer,374,150,47,15,96,54,37,18,12,12
JFreeChart,org.jfree.chart.renderer.category,StatisticalLineAndShapeRenderer,207,401,36,40,43,103,35,15,3,9
JFreeChart,org.jfree.chart.renderer.category,GroupedStackedBarRenderer,136,343,39,29,23,91,31,10,0,7
JFreeChart,org.jfree.chart.renderer.category,AreaRenderer,333,140,39,11,80,39,25,7,2,5
JFreeChart,org.jfree.chart.renderer.category,CategoryStepRenderer,292,122,32,10,64,34,25,5,5,4
JFreeChart,org.jfree.chart.renderer.category,MinMaxCategoryRenderer.new Icon() {...},10,53,2,2,3,8,4,2,2,2
JFreeChart,org.jfree.chart.renderer.category,MinMaxCategoryRenderer.new Icon() {...},50,21,4,0,12,1,5,1,3,1
JFreeChart,org.jfree.chart.renderer.category,LineRenderer3D,1048,94,62,8,247,32,41,11,9,8
JFreeChart,org.jfree.chart.renderer.category,CategoryItemRendererState,32,60,5,5,10,21,7,9,3,8
JFreeChart,org.jfree.chart.renderer.category,StackedBarRenderer3D,1505,212,81,23,287,48,57,14,12,7
JFreeChart,org.jfree.chart.renderer.category,AbstractCategoryItemRenderer,1054,955,130,104,285,287,100,74,12,45
JFreeChart,org.jfree.chart.renderer.category,BoxAndWhiskerRenderer,651,986,73,77,118,237,70,35,12,18
JFreeChart,org.jfree.chart.renderer.category,StackedBarRenderer,380,68,77,7,89,24,43,8,3,6
JFreeChart,org.jfree.chart.renderer.category,IntervalBarRenderer,69,163,13,13,15,44,12,6,0,5
JFreeChart,org.jfree.chart.renderer.category,WaterfallBarRenderer,287,308,41,21,75,75,28,18,5,10
JFreeChart,org.jfree.chart.renderer.category,BarRenderer3D,1331,103,68,8,315,32,46,10,11,7
JFreeChart,org.jfree.chart.renderer.category,GradientBarPainter,110,595,28,22,33,115,19,15,0,9
JFreeChart,org.jfree.chart.renderer.category,GanttRenderer,554,337,61,25,100,99,41,18,3,13
JFreeChart,org.jfree.chart.renderer.xy,WindItemRenderer,252,6,0,0,45,3,1,2,1,2
JFreeChart,org.jfree.chart.renderer.xy,StandardXYItemRenderer,361,628,75,69,81,181,68,41,10,27
JFreeChart,org.jfree.chart.renderer.xy,CyclicXYItemRenderer,780,0,118,0,106,0,64,0,5,0
JFreeChart,org.jfree.chart.renderer.xy,CyclicXYItemRenderer.OverwriteDataSet,109,0,6,0,28,0,17,0,14,0
JFreeChart,org.jfree.chart.renderer.xy,DeviationRenderer.State,14,0,0,0,4,0,1,0,1,0
JFreeChart,org.jfree.chart.renderer.xy,XYDifferenceRenderer,1675,255,205,19,382,79,120,17,13,12
JFreeChart,org.jfree.chart.renderer.xy,XYBoxAndWhiskerRenderer,739,517,61,31,129,124,46,23,5,18
JFreeChart,org.jfree.chart.renderer.xy,DefaultXYItemRenderer,0,3,0,0,0,1,0,1,0,1
JFreeChart,org.jfree.chart.renderer.xy,XYLineAndShapeRenderer.State,7,24,0,0,3,7,2,2,2,2
JFreeChart,org.jfree.chart.renderer.xy,AbstractXYItemRenderer,1439,931,166,98,365,277,125,66,21,38
JFreeChart,org.jfree.chart.renderer.xy,DeviationRenderer,366,51,32,6,69,16,26,5,8,4
JFreeChart,org.jfree.chart.renderer.xy,XYBarRenderer.XYBarRendererState,14,0,0,0,6,0,3,0,3,0
JFreeChart,org.jfree.chart.renderer.xy,XYAreaRenderer2,134,410,20,18,30,107,19,13,2,11
JFreeChart,org.jfree.chart.renderer.xy,XYBubbleRenderer,297,138,35,12,63,39,25,6,2,5
JFreeChart,org.jfree.chart.renderer.xy,XYErrorRenderer,350,141,26,14,65,48,21,16,6,11
JFreeChart,org.jfree.chart.renderer.xy,StandardXYItemRenderer.State,14,4,0,0,6,2,4,1,4,1
JFreeChart,org.jfree.chart.renderer.xy,GradientXYBarPainter,630,74,41,9,125,23,26,8,5,4
JFreeChart,org.jfree.chart.renderer.xy,XYItemRendererState,6,27,0,0,2,11,2,5,2,5
JFreeChart,org.jfree.chart.renderer.xy,XYDotRenderer,151,178,18,16,32,58,17,13,3,10
JFreeChart,org.jfree.chart.renderer.xy,XYSplineRenderer,757,79,60,10,116,29,39,9,7,6
JFreeChart,org.jfree.chart.renderer.xy,XYStepRenderer,107,260,18,28,19,61,15,17,0,9
JFreeChart,org.jfree.chart.renderer.xy,XYShapeRenderer,354,149,45,15,97,48,41,14,17,8
JFreeChart,org.jfree.chart.renderer.xy,SamplingXYLineRenderer.State,37,0,0,0,12,0,2,0,2,0
JFreeChart,org.jfree.chart.renderer.xy,VectorRenderer,503,37,44,4,114,11,27,3,3,3
JFreeChart,org.jfree.chart.renderer.xy,XYAreaRenderer,246,629,42,52,55,171,34,35,2,20
JFreeChart,org.jfree.chart.renderer.xy,ClusteredXYBarRenderer,333,121,53,13,78,33,30,11,2,6
JFreeChart,org.jfree.chart.renderer.xy,XYBlockRenderer,308,199,28,24,67,58,25,16,5,10
JFreeChart,org.jfree.chart.renderer.xy,YIntervalRenderer,237,41,14,4,57,14,11,6,3,5
JFreeChart,org.jfree.chart.renderer.xy,XYLine3DRenderer,80,89,14,8,18,31,16,11,8,8
JFreeChart,org.jfree.chart.renderer.xy,CandlestickRenderer,621,284,64,28,141,96,44,34,7,24
JFreeChart,org.jfree.chart.renderer.xy,XYStepAreaRenderer,159,489,46,50,35,131,38,30,1,19
JFreeChart,org.jfree.chart.renderer.xy,HighLowRenderer,371,128,53,15,82,47,34,17,6,11
JFreeChart,org.jfree.chart.renderer.xy,XYSplineRenderer.XYSplineState,14,0,0,0,4,0,1,0,1,0
JFreeChart,org.jfree.chart.renderer.xy,SamplingXYLineRenderer,328,0,28,0,87,0,24,0,10,0
JFreeChart,org.jfree.chart.renderer.xy,StackedXYAreaRenderer2,781,130,52,14,163,37,32,13,4,8
JFreeChart,org.jfree.chart.renderer.xy,StackedXYAreaRenderer,206,420,47,39,50,113,34,25,2,14
JFreeChart,org.jfree.chart.renderer.xy,StackedXYBarRenderer,426,80,78,8,94,25,45,8,4,6
JFreeChart,org.jfree.chart.renderer.xy,XYSplineRenderer.FillType,0,44,0,0,0,5,0,1,0,1
JFreeChart,org.jfree.chart.renderer.xy,StackedXYAreaRenderer.StackedXYAreaRendererState,0,46,0,0,0,16,0,8,0,8
JFreeChart,org.jfree.chart.renderer.xy,XYBarRenderer,971,400,169,37,218,131,108,40,18,27
JFreeChart,org.jfree.chart.renderer.xy,XYAreaRenderer.XYAreaRendererState,0,14,0,0,0,4,0,1,0,1
JFreeChart,org.jfree.chart.renderer.xy,XYLineAndShapeRenderer,239,893,62,86,55,254,63,63,9,43
JFreeChart,org.jfree.chart.renderer.xy,StandardXYBarPainter,197,17,31,3,54,8,19,4,3,3
JFreeChart,org.jfree.data,KeyedObject,4,64,2,8,2,21,2,9,0,6
JFreeChart,org.jfree.data,DataUtilities,68,261,12,36,16,64,10,24,2,8
JFreeChart,org.jfree.data,DefaultKeyedValues2D,87,497,14,54,26,123,17,40,4,19
JFreeChart,org.jfree.data,DefaultKeyedValues,45,459,10,34,11,107,11,33,2,20
JFreeChart,org.jfree.data,Range,46,421,8,64,7,93,9,50,2,21
JFreeChart,org.jfree.data,RangeType,14,58,5,7,5,18,3,9,0,6
JFreeChart,org.jfree.data,DomainOrder,14,58,5,7,5,18,3,9,0,6
JFreeChart,org.jfree.data,KeyedValueComparator,31,118,7,21,9,36,9,9,2,2
JFreeChart,org.jfree.data,UnknownKeyException,0,4,0,0,0,2,0,1,0,1
JFreeChart,org.jfree.data,KeyedObjects2D,62,554,12,58,17,135,14,43,2,20
JFreeChart,org.jfree.data,DefaultKeyedValue,50,57,9,7,6,19,8,8,2,6
JFreeChart,org.jfree.data,KeyedObjects,97,239,20,24,27,68,18,20,4,12
JFreeChart,org.jfree.data,ComparableObjectSeries,69,360,11,49,19,95,12,38,3,17
JFreeChart,org.jfree.data,ComparableObjectItem,12,79,3,9,6,22,4,10,1,7
JFreeChart,org.jfree.data,KeyToGroupMap,44,261,9,33,15,79,8,25,1,11
JFreeChart,org.jfree.data,KeyedValueComparatorType,30,17,6,0,10,5,6,2,3,2
JFreeChart,org.jfree.data.function,LineFunction2D,4,59,2,4,2,17,2,7,0,6
JFreeChart,org.jfree.data.function,NormalDistributionFunction2D,26,70,3,5,5,19,4,6,1,5
JFreeChart,org.jfree.data.function,PowerFunction2D,12,51,2,4,3,16,3,6,1,5
JFreeChart,org.jfree.data.function,PolynomialFunction2D,27,40,3,1,5,10,3,5,1,5
JFreeChart,org.jfree.data.xy,DefaultTableXYDataset,120,542,21,53,29,142,25,48,9,27
JFreeChart,org.jfree.data.xy,VectorSeries,16,58,0,0,4,16,2,8,2,8
JFreeChart,org.jfree.data.xy,XYBarDataset,100,110,8,6,23,27,16,13,10,12
JFreeChart,org.jfree.data.xy,XYDatasetTableModel,99,0,14,0,32,0,17,0,10,0
JFreeChart,org.jfree.data.xy,XYInterval,4,84,2,12,2,26,2,12,0,7
JFreeChart,org.jfree.data.xy,DefaultHighLowDataset,127,125,12,18,38,33,23,11,16,3
JFreeChart,org.jfree.data.xy,WindDataItem,26,65,7,9,10,18,10,4,3,3
JFreeChart,org.jfree.data.xy,XYIntervalDataItem,10,64,5,5,5,18,5,7,0,7
JFreeChart,org.jfree.data.xy,DefaultWindDataset,109,199,12,18,25,42,15,13,6,7
JFreeChart,org.jfree.data.xy,CategoryTableXYDataset,70,163,6,6,19,44,14,19,10,17
JFreeChart,org.jfree.data.xy,Vector,26,73,2,6,5,19,5,6,3,4
JFreeChart,org.jfree.data.xy,DefaultOHLCDataset,75,121,10,8,22,34,15,14,8,12
JFreeChart,org.jfree.data.xy,YIntervalSeries,0,64,0,0,0,17,0,9,0,9
JFreeChart,org.jfree.data.xy,MatrixSeriesCollection,169,57,18,4,41,19,22,5,11,5
JFreeChart,org.jfree.data.xy,XYDataItem,35,133,5,13,9,41,7,15,2,11
JFreeChart,org.jfree.data.xy,XYIntervalSeries,0,82,0,0,0,21,0,11,0,11
JFreeChart,org.jfree.data.xy,DefaultXYDataset,80,292,10,24,18,59,13,19,4,11
JFreeChart,org.jfree.data.xy,AbstractXYDataset,0,33,1,3,0,12,1,5,0,4
JFreeChart,org.jfree.data.xy,AbstractXYZDataset,14,3,2,0,5,1,2,1,1,1
JFreeChart,org.jfree.data.xy,DefaultXYZDataset,105,330,12,26,23,64,18,18,7,10
JFreeChart,org.jfree.data.xy,VectorSeriesCollection,130,89,5,7,28,27,14,10,10,8
JFreeChart,org.jfree.data.xy,DefaultIntervalXYDataset,91,492,15,33,19,92,22,22,7,13
JFreeChart,org.jfree.data.xy,XYCoordinate,72,75,11,7,17,20,10,7,4,4
JFreeChart,org.jfree.data.xy,XIntervalDataItem,6,44,3,3,3,12,3,5,0,5
JFreeChart,org.jfree.data.xy,XIntervalSeries,0,64,0,0,0,17,0,9,0,9
JFreeChart,org.jfree.data.xy,MatrixSeries,10,151,2,16,3,35,3,17,1,10
JFreeChart,org.jfree.data.xy,IntervalXYDelegate,62,293,11,31,14,83,15,28,4,18
JFreeChart,org.jfree.data.xy,XIntervalSeriesCollection,166,94,7,9,36,27,18,10,13,7
JFreeChart,org.jfree.data.xy,VectorDataItem,24,29,3,1,8,7,5,3,3,3
JFreeChart,org.jfree.data.xy,YWithXInterval,4,56,2,8,2,18,2,8,0,5
JFreeChart,org.jfree.data.xy,YInterval,4,56,2,8,2,18,2,8,0,5
JFreeChart,org.jfree.data.xy,XYIntervalSeriesCollection,96,180,7,11,19,44,12,19,7,15
JFreeChart,org.jfree.data.xy,YIntervalSeriesCollection,94,150,6,10,21,38,11,17,7,13
JFreeChart,org.jfree.data.xy,OHLCDataItem,24,105,6,10,9,26,9,8,3,6
JFreeChart,org.jfree.data.xy,NormalizedMatrixSeries,72,0,0,0,19,0,6,0,6,0
JFreeChart,org.jfree.data.xy,YIntervalDataItem,6,44,3,3,3,12,3,5,0,5
JFreeChart,org.jfree.data.xy,XYSeriesCollection,103,602,20,70,30,162,17,65,3,34
JFreeChart,org.jfree.data.xy,AbstractIntervalXYDataset,0,59,2,6,0,21,2,7,0,5
JFreeChart,org.jfree.data.xy,XYSeries,114,894,23,101,28,230,26,82,5,41
JFreeChart,org.jfree.data.statistics,HistogramType,29,47,9,5,11,14,9,4,2,4
JFreeChart,org.jfree.data.statistics,DefaultMultiValueCategoryDataset,100,275,22,26,29,70,23,20,8,11
JFreeChart,org.jfree.data.statistics,BoxAndWhiskerCalculator,35,261,12,22,8,61,9,13,1,4
JFreeChart,org.jfree.data.statistics,DefaultBoxAndWhiskerXYDataset,67,318,18,24,18,95,23,25,6,21
JFreeChart,org.jfree.data.statistics,MeanAndStandardDeviation,19,77,3,9,2,25,4,10,1,7
JFreeChart,org.jfree.data.statistics,Statistics,276,396,25,43,50,98,19,29,4,10
JFreeChart,org.jfree.data.statistics,SimpleHistogramBin,29,197,11,39,9,54,9,27,0,11
JFreeChart,org.jfree.data.statistics,DefaultStatisticalCategoryDataset,65,652,21,91,25,167,26,59,7,22
JFreeChart,org.jfree.data.statistics,DefaultBoxAndWhiskerCategoryDataset,117,598,36,54,42,170,42,47,10,34
JFreeChart,org.jfree.data.statistics,HistogramBin,21,81,10,10,5,20,11,7,1,7
JFreeChart,org.jfree.data.statistics,SimpleHistogramDataset,157,180,13,17,35,52,29,13,17,10
JFreeChart,org.jfree.data.statistics,HistogramDataset,102,407,13,33,23,86,17,27,6,15
JFreeChart,org.jfree.data.statistics,BoxAndWhiskerItem,50,166,10,14,11,38,11,14,1,12
JFreeChart,org.jfree.data.statistics,Regression,526,432,50,12,82,92,30,8,3,4
JFreeChart,org.jfree.chart.block,RectangleConstraint,56,284,12,16,10,56,10,24,1,19
JFreeChart,org.jfree.chart.block,ColorBlock,47,52,1,5,13,19,5,6,4,4
JFreeChart,org.jfree.chart.block,BorderArrangement,714,701,64,62,105,126,46,28,3,8
JFreeChart,org.jfree.chart.block,EmptyBlock,17,28,0,0,5,8,2,3,2,3
JFreeChart,org.jfree.chart.block,LengthConstraintType,50,22,12,0,17,6,10,2,4,2
JFreeChart,org.jfree.chart.block,GridArrangement,63,587,15,59,20,126,15,36,1,13
JFreeChart,org.jfree.chart.block,LabelBlock,116,213,11,17,30,63,18,19,11,12
JFreeChart,org.jfree.chart.block,BlockBorder,73,142,6,10,15,41,9,11,3,9
JFreeChart,org.jfree.chart.block,ColumnArrangement,422,64,50,12,89,23,32,10,7,4
JFreeChart,org.jfree.chart.block,BlockParams,14,19,0,0,6,8,4,3,4,3
JFreeChart,org.jfree.chart.block,FlowArrangement,179,368,30,34,38,85,25,21,4,10
JFreeChart,org.jfree.chart.block,LineBorder,2,250,6,16,1,65,6,14,0,9
JFreeChart,org.jfree.chart.block,BlockContainer,14,205,3,19,5,62,5,20,2,12
JFreeChart,org.jfree.chart.block,AbstractBlock,90,417,9,27,20,121,16,41,8,31
JFreeChart,org.jfree.chart.block,CenterArrangement,255,53,34,2,58,13,27,4,9,4
JFreeChart,org.jfree.chart.block,BlockResult,0,13,0,0,0,6,0,3,0,3
JFreeChart,org.jfree.chart.plot.dial,StandardDialRange,173,216,11,13,43,54,21,13,12,10
JFreeChart,org.jfree.chart.plot.dial,StandardDialScale,422,559,29,41,95,142,46,38,27,22
JFreeChart,org.jfree.chart.plot.dial,DialPointer.Pin,66,111,2,6,16,34,5,10,3,8
JFreeChart,org.jfree.chart.plot.dial,StandardDialFrame,102,194,2,12,24,53,9,15,7,10
JFreeChart,org.jfree.chart.plot.dial,DialPointer.Pointer,222,100,3,7,51,32,9,9,6,7
JFreeChart,org.jfree.chart.plot.dial,DialValueIndicator,272,427,11,29,72,116,28,32,21,19
JFreeChart,org.jfree.chart.plot.dial,DialPointer,38,47,3,5,14,15,9,5,6,4
JFreeChart,org.jfree.chart.plot.dial,DialBackground,28,114,2,8,9,36,5,13,4,9
JFreeChart,org.jfree.chart.plot.dial,DialPlot,487,377,53,29,131,105,55,27,25,16
JFreeChart,org.jfree.chart.plot.dial,DialLayerChangeEvent,3,7,0,0,1,3,1,1,1,1
JFreeChart,org.jfree.chart.plot.dial,ArcDialFrame,231,316,3,19,47,80,14,22,11,14
JFreeChart,org.jfree.chart.plot.dial,DialTextAnnotation,85,234,4,14,23,60,13,16,9,11
JFreeChart,org.jfree.chart.plot.dial,DialCap,59,179,2,12,16,51,8,15,6,10
JFreeChart,org.jfree.chart.plot.dial,AbstractDialLayer,24,98,3,7,9,25,6,10,3,8
JFreeChart,org.jfree.chart.servlet,ServletUtilities,341,0,34,0,99,0,33,0,16,0
JFreeChart,org.jfree.chart.servlet,ChartDeleter,46,0,4,0,16,0,7,0,5,0
JFreeChart,org.jfree.chart.servlet,DisplayChart,104,0,20,0,28,0,13,0,3,0
JFreeChart,org.jfree.data.resources,DataPackageResources_fr,35,0,0,0,3,0,3,0,3,0
JFreeChart,org.jfree.data.resources,DataPackageResources_es,35,0,0,0,3,0,3,0,3,0
JFreeChart,org.jfree.data.resources,DataPackageResources_de,35,0,0,0,3,0,3,0,3,0
JFreeChart,org.jfree.data.resources,DataPackageResources,0,35,0,0,0,3,0,3,0,3
JFreeChart,org.jfree.data.resources,DataPackageResources_ru,35,0,0,0,3,0,3,0,3,0
JFreeChart,org.jfree.data.resources,DataPackageResources_pl,35,0,0,0,3,0,3,0,3,0
JFreeChart,org.jfree.chart.annotations,XYDataImageAnnotation,289,0,26,0,75,0,29,0,16,0
JFreeChart,org.jfree.chart.annotations,XYTitleAnnotation,126,310,23,21,37,73,28,9,9,6
JFreeChart,org.jfree.chart.annotations,CategoryLineAnnotation,133,252,6,14,31,75,7,22,3,16
JFreeChart,org.jfree.chart.annotations,XYDrawableAnnotation,136,155,8,14,23,37,7,10,1,5
JFreeChart,org.jfree.chart.annotations,XYBoxAnnotation,238,87,17,13,54,24,19,5,7,2
JFreeChart,org.jfree.chart.annotations,CategoryPointerAnnotation,263,303,4,20,57,83,12,23,9,14
JFreeChart,org.jfree.chart.annotations,XYTextAnnotation,57,486,6,32,19,141,12,39,6,26
JFreeChart,org.jfree.chart.annotations,CategoryTextAnnotation,96,129,6,10,23,39,5,14,1,10
JFreeChart,org.jfree.chart.annotations,XYPointerAnnotation,311,300,12,18,67,81,16,22,9,14
JFreeChart,org.jfree.chart.annotations,XYPolygonAnnotation,213,145,21,13,45,39,20,10,7,6
JFreeChart,org.jfree.chart.annotations,XYImageAnnotation,155,76,14,8,45,22,17,6,7,5
JFreeChart,org.jfree.chart.annotations,XYLineAnnotation,157,171,14,14,36,44,11,11,2,6
JFreeChart,org.jfree.chart.annotations,TextAnnotation,4,239,2,14,2,74,2,24,0,18
JFreeChart,org.jfree.chart.annotations,XYShapeAnnotation,193,145,14,12,44,40,12,10,3,6
JFreeChart,org.jfree.chart.annotations,AbstractXYAnnotation,64,38,12,4,22,12,12,4,4,4
JFreeChart,org.jfree.chart.annotations,AbstractAnnotation,21,83,4,4,7,24,6,9,3,8
JFreeChart,org.jfree.chart.event,OverlayChangeEvent,0,4,0,0,0,2,0,1,0,1
JFreeChart,org.jfree.chart.event,ChartChangeEventType,50,22,12,0,17,6,10,2,4,2
JFreeChart,org.jfree.chart.event,PlotChangeEvent,3,7,0,0,1,3,1,1,1,1
JFreeChart,org.jfree.chart.event,MarkerChangeEvent,0,10,0,0,0,4,0,2,0,2
JFreeChart,org.jfree.chart.event,TitleChangeEvent,3,7,0,0,1,3,1,1,1,1
JFreeChart,org.jfree.chart.event,AnnotationChangeEvent,3,10,0,0,1,4,1,1,1,1
JFreeChart,org.jfree.chart.event,AxisChangeEvent,0,10,0,0,0,4,0,2,0,2
JFreeChart,org.jfree.chart.event,ChartChangeEvent,12,24,0,0,4,10,3,4,3,4
JFreeChart,org.jfree.chart.event,RendererChangeEvent,0,21,0,0,0,8,0,4,0,4
JFreeChart,org.jfree.chart.event,ChartProgressEvent,21,13,0,0,9,5,6,1,6,1
